name,size,category,slug,is_new
007 First Light,56 Gb,Berat,007-first-light,true
25 To Life,1.99 GB,Ringan,25-to-life,false
9 Monkeys of Shaolin,6.94 GB,Ringan,9-monkeys-of-shaolin,false
A Plague Tale Innocence,43.58 GB,Agak Berat,a-plague-tale-innocence,false
A Space for the Unbound,2.45 GB,Ringan,a-space-for-the-unbound,false
A Way Out,21.64 GB,Sedang,a-way-out,false
ACE COMBAT 7 SKIES UNKNOWN,64.07 GB,Berat,ace-combat-7-skies-unknown,false
Age of Empires 3 Complete Collection,2.88 GB,Ringan,age-of-empires-3-complete-collection,false
Age of Empires II Definitive Edition,32.94 GB,Agak Berat,age-of-empires-ii-definitive-edition,false
Age of Empires III Definitive Edition,56.17 GB,Agak Berat,age-of-empires-iii-definitive-edition,false
Age of Empires IV,78.09 GB,Berat,age-of-empires-iv,false
Age of Mythology: Retold,24.73 GB,Sedang,age-of-mythology-retold,false
Age of Wonders 4,25.50 GB,Sedang,age-of-wonders-4,false
Aircraft Carrier Survival,9.61 GB,Ringan,aircraft-carrier-survival,false
Alan Wake 2,112.2 GB,Berat,alan-wake-2,false
Alan Wake Remastered,39.67 GB,Agak Berat,alan-wake-remastered,false
Albatroz,41.27 GB,Agak Berat,albatroz,false
Alien Rogue Incursion,21.0 GB,Berat,alien-rogue-incursion,false
Altered Beast,2.2 GB,Ringan,altered-beast,false
American Truck Simulator,24.16 GB,Sedang,american-truck-simulator,false
Amnesia Rebirth,36.46 GB,Agak Berat,amnesia-rebirth,false
Among Us,762.88 MB,Ringan,among-us,false
Ancestors The Humankind Odyssey,8.33 GB,Ringan,ancestors-the-humankind-odyssey,false
Animal Crossing,7.12 GB,Ringan,animal-crossing,false
Animal Revolt Battle Simulator,2.34 GB,Sedang,animal-revolt-battle-simulator,false
AO International Tennis,13.36 GB,Sedang,ao-international-tennis,false
AOE 3 Complete Edition,2.0 GB,Ringan,aoe-3-complete-edition,false
Aragami 2,9.19 GB,Sedang,aragami-2,false
Assassin Creed Odyssey,103.47 GB,Berat,assassin-creed-odyssey,false
Assassins Creed,6.98 GB,Ringan,assassins-creed,false
Assassins Creed Brotherhood,7.50 GB,Ringan,assassins-creed-brotherhood,false
Assassins Creed II,4.08 GB,Ringan,assassins-creed-ii,false
Assassins Creed III,16.44 GB,Sedang,assassins-creed-iii,false
Assassins Creed III Remastered,41.64 GB,Agak Berat,assassins-creed-iii-remastered,false
Assassins Creed IV Black Flag,18.27 GB,Sedang,assassins-creed-iv-black-flag,false
Assassins Creed Liberation HD,3.47 GB,Ringan,assassins-creed-liberation-hd,false
Assassins Creed Mirage,43.16 GB,Berat,assassins-creed-mirage,false
Assassins Creed Revelations,9.44 GB,Ringan,assassins-creed-revelations,false
Assassins Creed Rogue,12.24 GB,Sedang,assassins-creed-rogue,false
Assassins Creed Shadows,140 GB,Berat,assassins-creed-shadows,true
Assassins Creed Syndicate,65.13 GB,Berat,assassins-creed-syndicate,false
Assassins Creed Unity,47.5 GB,Agak Berat,assassins-creed-unity,false
Assassins Creed Valhalla,165.96 GB,Berat,assassins-creed-valhalla,false
Assetto Corsa,42.17 GB,Agak Berat,assetto-corsa,false
Assetto Corsa Competizione,19.87 GB,Sedang,assetto-corsa-competizione,false
Asterix & Obelix Slap Them All 2,2.44 GB,Ringan,asterix-obelix-slap-them-all-2,false
Asterix & Obelix XXL 3,2.74 GB,Ringan,asterix-obelix-xxl-3,false
Asterix at the Olympic Games,2.08 GB,Ringan,asterix-at-the-olympic-games,false
Astral Chain,10.3 GB,Sedang,astral-chain,false
Atelier Ryza,23.35 GB,Sedang,atelier-ryza,false
Atelier Ryza 2,13.58 GB,Sedang,atelier-ryza-2,false
Atelier Ryza 3,31.55 GB,Agak Berat,atelier-ryza-3,false
Atelier Sophie 2,20.68 GB,Sedang,atelier-sophie-2,false
Attack on Titan,18.52 GB,Sedang,attack-on-titan,false
Attack on Titan 2,42.23 GB,Agak Berat,attack-on-titan-2,false
Automaton The Car Company Tycoon,29.80 GB,Sedang,automaton-the-car-company-tycoon,false
Avatar The Last Airbender Quest,9.03 GB,Ringan,avatar-the-last-airbender-quest,false
Avatar: Frontiers of Pandora,141 GB,Berat,avatar-frontiers-of-pandora,true
AyoDance,19.74 GB,Sedang,ayodance,false
Back 4 Blood,52.98 GB,Agak Berat,back-4-blood,false
Baisu,6.56 GB,Sedang,baisu,false
Bakery Shop Simulator,13.72 GB,Sedang,bakery-shop-simulator,false
Bakugan Champions of Vestoria,1.78 GB,Ringan,bakugan-champions-of-vestoria,false
Baldurs Gate 3,167.47 GB,Berat,baldurs-gate-3,false
Batman Arkham Asylum,8.41 GB,Ringan,batman-arkham-asylum,false
Batman Arkham City,19.49 GB,Sedang,batman-arkham-city,false
Batman Arkham Origins,18.50 GB,Sedang,batman-arkham-origins,false
Battle Realms,791.35 MB,Ringan,battle-realms,false
Battlefield 1,52.15 GB,Agak Berat,battlefield-1,false
Battlefield 2,3.89 GB,Ringan,battlefield-2,false
Battlefield 3,16.52 GB,Sedang,battlefield-3,false
Battlefield 4,75.7 GB,Berat,battlefield-4,false
Battlefield Bad Company 2,8.60 GB,Ringan,battlefield-bad-company-2,false
Battlefield Hardline,51.1 GB,Agak Berat,battlefield-hardline,false
Battletoads,12.43 GB,Sedang,battletoads,false
Bayonetta,12.64 GB,Sedang,bayonetta,false
Bayonetta 3,13.2 GB,Sedang,bayonetta-3,false
Beach Buggy Racing 2,0.6 GB,Ringan,beach-buggy-racing-2,false
BeamNG drive,56.52 GB,Agak Berat,beamng-drive,false
Bellwright,16.78 GB,Berat,bellwright,false
Beyond Two Souls,45.28 GB,Agak Berat,beyond-two-souls,false
Biomutant,26.57 GB,Sedang,biomutant,false
Bioshock Infinite,46.65 GB,Agak Berat,bioshock-infinite,false
BioShock Remastered,21.76 GB,Sedang,bioshock-remastered,false
Black Myth: Wukong,155GB,Berat,black-myth-wukong,true
Blasphemous 2,3.49 GB,Ringan,blasphemous-2,false
BLERCH Rebirth of Souls,75.4 GB,Berat,blerch-rebirth-of-souls,false
Bloody Spell,21.76 GB,Sedang,bloody-spell,false
Bloons TD 6,1.78 GB,Ringan,bloons-td-6,false
BLUE REFLECTION Second Light,16.45 GB,Sedang,blue-reflection-second-light,false
Blur,8.23 GB,Ringan,blur,false
Borderlands 2,35.2 GB,Agak Berat,borderlands-2,false
Borderlands 3,145.15 GB,Berat,borderlands-3,false
Borderlands 4,90 Gb,Berat,borderlands-4,true
Bramble The Mountain King,7.59 GB,Sedang,bramble-the-mountain-king,false
BRAVELY DEFAULT FLYING FAIRY HD Remaster,9 Gb,Sedang,bravely-default-flying-fairy-hd-remaster,true
Brigandine,21.09 GB,Sedang,brigandine,false
Bright Memory,4.34 GB,Ringan,bright-memory,false
Brothers A Tale of Two Sons,1.45 GB,Ringan,brothers-a-tale-of-two-sons,false
Brothers A Tale of Two Sons Remake,16 Gb,Sedang,brothers-a-tale-of-two-sons-remake,true
Builder Simulator,11.58 GB,Sedang,builder-simulator,false
Bully Scholarship Edition,5.21 GB,Ringan,bully-scholarship-edition,false
Bum Simulator,12.22 GB,Sedang,bum-simulator,false
Burnout Paradise,3.02 GB,Ringan,burnout-paradise,false
Bus Simulator 21,16.14 GB,Sedang,bus-simulator-21,false
C C Red Alert 3,14.95 GB,Sedang,c-c-red-alert-3,false
CAIRN,2 GB,Ringan,cairn,false
Call of Duty 4 Modern Warfare COD,6.76 GB,Ringan,call-of-duty-4-modern-warfare-cod,false
Call of Duty Advanced Warfare COD,38.42 GB,Agak Berat,call-of-duty-advanced-warfare-cod,false
Call Of Duty Black Ops 4 COD,157.74 GB,Berat,call-of-duty-black-ops-4-cod,false
Call Of Duty Black Ops Cold War,145 Gb,Berat,call-of-duty-black-ops-cold-war,false
Call of Duty Black Ops III COD,127.98 GB,Berat,call-of-duty-black-ops-iii-cod,false
Call of Duty COD 2,3.66 GB,Ringan,call-of-duty-cod-2,false
Call of Duty Ghosts COD,31.14 GB,Agak Berat,call-of-duty-ghosts-cod,false
Call of Duty Modern Warfare 2 COD,14.6 GB,Sedang,call-of-duty-modern-warfare-2-cod,false
Call of Duty Modern Warfare 2 Remastered COD,67.9 GB,Berat,call-of-duty-modern-warfare-2-remastered-cod,false
Call of Duty Modern Warfare 2 TERBARU COD,50 GB,Agak Berat,call-of-duty-modern-warfare-2-terbaru-cod,false
Call of Duty Modern Warfare 3 COD,18.19 GB,Sedang,call-of-duty-modern-warfare-3-cod,false
Call of Duty Modern Warfare III TERBARU COD,60.2 GB,Berat,call-of-duty-modern-warfare-iii-terbaru-cod,false
Call of Duty Modern Warfare Remastered COD,45.06 GB,Agak Berat,call-of-duty-modern-warfare-remastered-cod,false
Call of Duty Modern Warfare TERBARU COD,100 GB,Berat,call-of-duty-modern-warfare-terbaru-cod,false
Call of Duty Vanguard COD,84.9 GB,Berat,call-of-duty-vanguard-cod,false
Call of Duty World at War COD,7.25 GB,Ringan,call-of-duty-world-at-war-cod,false
Call to Arms,44.99 GB,Agak Berat,call-to-arms,false
Captain Tsubasa Rise of New Champions,49.64 GB,Agak Berat,captain-tsubasa-rise-of-new-champions,false
Car Mechanic Simulator 2018,10.48 GB,Sedang,car-mechanic-simulator-2018,false
Car Mechanic Simulator 2021,25.83 GB,Sedang,car-mechanic-simulator-2021,false
Cars 2,1.73 GB,Sedang,cars-2,false
CarX Drif racing 2,15 Gb,Berat,carx-drif-racing-2,true
CarX Street,18.09 GB,Sedang,carx-street,false
Castle Of Illusion,929.71 MB,Ringan,castle-of-illusion,false
Chained Together,7.78 GB,Ringan,chained-together,false
Chocobo GP,6.66 GB,Ringan,chocobo-gp,false
Choo Choo Charles,2.40 GB,Ringan,choo-choo-charles,false
CHRONO CROSS,3.78 GB,Ringan,chrono-cross,false
Citadel Forged with Fire,165.30 MB,Sedang,citadel-forged-with-fire,false
Cities Skylines,17.01 GB,Sedang,cities-skylines,false
Cities Skylines II,66.30 GB,Berat,cities-skylines-ii,false
City Bus Manager,13.8 GB,Sedang,city-bus-manager,false
Clair Obscur Expedition 33,44.30 GB,Berat,clair-obscur-expedition-33,false
COD Modern Warfare 2,32.30 GB,Agak Berat,cod-modern-warfare-2,false
CODE VEIN II,65 Gb,Berat,code-vein-ii,true
Command and Conquer Generals,2.89 GB,Ringan,command-and-conquer-generals,false
Command and Conquer Remastered,25.44 GB,Sedang,command-and-conquer-remastered,false
Commandos 3 HD,7.73 GB,Sedang,commandos-3-hd,false
Commandos Origins,31.40 GB,Berat,commandos-origins,false
Company Of Heroes,9.23 GB,Ringan,company-of-heroes,false
Company of Heroes 2,42.98 GB,Agak Berat,company-of-heroes-2,false
Contraband Police,13.07 GB,Sedang,contraband-police,false
Control,44.93 GB,Agak Berat,control,false
Cooking Simulator,13.70 GB,Sedang,cooking-simulator,false
Coral Island,13.12 GB,Sedang,coral-island,false
Counter Strike Global Offensive,31.02 GB,Agak Berat,counter-strike-global-offensive,false
Couple Cultivation Saves the World,32.13 GB,Agak Berat,couple-cultivation-saves-the-world,false
Crash Bandicoot 4,24.40 GB,Sedang,crash-bandicoot-4,false
Crash Bandicoot N Sane Trilogy,30.5 GB,Agak Berat,crash-bandicoot-n-sane-trilogy,false
CRASH TEAM RACING CTR,6.28 GB,Ringan,crash-team-racing-ctr,false
Crimson Desert,130 Gb,Berat,crimson-desert,false
Crisis 2 ME,13.1 GB,Sedang,crisis-2-me,false
CRISIS CORE FINAL FANTASY VII REUNION,19.0 GB,Sedang,crisis-core-final-fantasy-vii-reunion,false
Crysis 1,5.88 GB,Ringan,crysis-1,false
Crysis 3,10.96 GB,Sedang,crysis-3,false
Crysis Remastered,21.02 GB,Sedang,crysis-remastered,false
Cult of the Lamb,1.99 GB,Sedang,cult-of-the-lamb,false
Cuphead,5.71 GB,Ringan,cuphead,false
Dakar Desert Rally,35.4 GB,Agak Berat,dakar-desert-rally,false
Dark Souls 2,18.86 GB,Sedang,dark-souls-2,false
Dark Souls III,26.25 GB,Sedang,dark-souls-iii,false
DARK SOULS Prepare To Die,3.92 GB,Ringan,dark-souls-prepare-to-die,false
DARK SOULS REMASTERED,7.25 GB,Sedang,dark-souls-remastered,false
Darksiders,10.1 GB,Sedang,darksiders,false
Darksiders 2,13.1 GB,Sedang,darksiders-2,false
Darksiders III,23.5 GB,Sedang,darksiders-iii,false
Darksiders Warmastered Edition,23.5 GB,Sedang,darksiders-warmastered-edition,false
Dating Simulator,4.03 GB,Ringan,dating-simulator,false
Days Gone,65.87 GB,Berat,days-gone,false
Dead As Disco,10 Gb,Berat,dead-as-disco,true
Dead Cells,4.3 GB,Ringan,dead-cells,false
Dead Island 2,48.23 GB,Berat,dead-island-2,false
Dead Island Riptide,9.68 GB,Ringan,dead-island-riptide,false
Dead or Alive 6,57.0 GB,Agak Berat,dead-or-alive-6,false
Dead Rising 3,25.7 GB,Sedang,dead-rising-3,false
Dead Rising 4,64.13 GB,Berat,dead-rising-4,false
Dead Space,9.9 GB,Ringan,dead-space,false
Dead Space 2,9.79 GB,Ringan,dead-space-2,false
Dead Space 3,11.94 GB,Sedang,dead-space-3,false
Deadpool,6.57 GB,Ringan,deadpool,false
Death Stranding,67.08 GB,Berat,death-stranding,false
DEATH STRANDING 2 ON THE BEACH,118 Gb,Berat,death-stranding-2-on-the-beach,true
Def Jam Vendetta,2.30 GB,Ringan,def-jam-vendetta,false
Demon Slayer,9.60 GB,Ringan,demon-slayer,false
Demon Slayer Kimetsu no Yaiba The Hinokami Chronicles 2,26 Gb,Berat,demon-slayer-kimetsu-no-yaiba-the-hinokami-chronicles-2,true
Demon Slayer Kimetsu no Yaiba TheHinokami Chronicles 1,26 Gb Berat,Berat,demon-slayer-kimetsu-no-yaiba-thehinokami-chronicles-1,true
Desperados III,22.08 GB,Sedang,desperados-iii,false
Devil May Cry 3,4.74 GB,Ringan,devil-may-cry-3,false
Devil May Cry 4,25.92 GB,Sedang,devil-may-cry-4,false
Devil May Cry 5,41.95 GB,Agak Berat,devil-may-cry-5,false
DIABLO 2 RESURRETED,30 GB,Sedang,diablo-2-resurreted,false
Diablo II,2.0 GB,Ringan,diablo-ii,false
Digimon Story Cyber Sleuth,5.77 GB,Ringan,digimon-story-cyber-sleuth,false
Digimon Story Time Stranger,32 Gb,Berat,digimon-story-time-stranger,true
Digimon Survive,6.92 GB,Sedang,digimon-survive,false
Directive 8020,30 Gb,Berat,directive-8020,true
DiRT 3,14.33 GB,Sedang,dirt-3,false
DiRT 5,40.69 GB,Agak Berat,dirt-5,false
Dirt Rally 2,11.49 GB,Sedang,dirt-rally-2,false
DiRT21,6.28 GB,Ringan,dirt21,false
Disco Elysium,10.09 GB,Sedang,disco-elysium,false
Disgaea 4,6.59 GB,Ringan,disgaea-4,false
Disgaea 5,8.46 GB,Ringan,disgaea-5,false
Disgaea 6,6.0 GB,Ringan,disgaea-6,false
Dishonored 2,41.90 GB,Agak Berat,dishonored-2,false
Disney Pixar Cars Race O Rama,4.26 GB,Ringan,disney-pixar-cars-race-o-rama,false
Disney Pixar Up,1.72 GB,Ringan,disney-pixar-up,false
Disney Planes,7.08 GB,Ringan,disney-planes,false
Disney Planes Mater National,3.91 GB,Ringan,disney-planes-mater-national,false
Divinity Original Sin,11.92 GB,Sedang,divinity-original-sin,false
Donkey Kong Country Tropical Freeze,7.21 GB,Ringan,donkey-kong-country-tropical-freeze,false
DOOM,75.1 GB,Berat,doom,false
DOOM Eternal,93.2 GB,Berat,doom-eternal,false
Doraemon Story of Seasons,813.91 MB,Ringan,doraemon-story-of-seasons,false
Downhill Domination,2.86 GB,Ringan,downhill-domination,false
Dragon Age Inquisition,39.15 GB,Agak Berat,dragon-age-inquisition,false
Dragon Age The Veilguard,94.6 GB,Berat,dragon-age-the-veilguard,false
DRAGON BALL FighterZ,6.29 GB,Berat,dragon-ball-fighterz,false
DRAGON BALL SPARKING ZERO,30.17 GB,Agak Berat,dragon-ball-sparking-zero,false
Dragon Ball XenoVerse,10.69 GB,Sedang,dragon-ball-xenoverse,false
DRAGON BALL XENOVERSE 2,31.76 GB,Agak Berat,dragon-ball-xenoverse-2,false
Dragon Ball Z Budokai 2,4.69 GB,Ringan,dragon-ball-z-budokai-2,false
Dragon Ball Z Kakarot,25.59 GB,Sedang,dragon-ball-z-kakarot,false
DRAGON QUEST BUILDERS 2,4.20 GB,Ringan,dragon-quest-builders-2,false
DRAGON QUEST VII,10 GB,Ringan,dragon-quest-vii,false
Dragon Quest VII Reimagined,8 Gb,Agak berat,dragon-quest-vii-reimagined,true
DreadOut,8.95 GB,Ringan,dreadout,false
DreadOut 2,17.95 GB,Sedang,dreadout-2,false
Driver San Francisco,6.82 GB,Ringan,driver-san-francisco,false
Duck Season,5.80 GB,Sedang,duck-season,false
Dying Light,47.86 GB,Agak Berat,dying-light,false
Dying Light 2,74.04 GB,Berat,dying-light-2,false
Dynasty Warriors 6,5.0 GB,Ringan,dynasty-warriors-6,false
Dynasty Warriors 7,24.60 GB,Sedang,dynasty-warriors-7,false
Dynasty Warriors 8,14.33 GB,Sedang,dynasty-warriors-8,false
Dynasty Warriors 8 Empires,15.29 GB,Sedang,dynasty-warriors-8-empires,false
Dynasty Warriors 9,47.00 GB,Agak Berat,dynasty-warriors-9,false
Dynasty Warriors 9 Empires,43.16 GB,Agak Berat,dynasty-warriors-9-empires,false
Dynasty Warriors Gundam 3,8.65 GB,Ringan,dynasty-warriors-gundam-3,false
Dynasty warriors Gundam reborn,12.03 GB,Sedang,dynasty-warriors-gundam-reborn,false
DYNASTY WARRIORS ORIGINS,53.6 GB,Agak Berat,dynasty-warriors-origins,false
EA Sports FC 25,12.26 GB,Sedang,ea-sports-fc-25,false
Earth Defense Force 5,21.08 GB,Sedang,earth-defense-force-5,false
EARTH DEFENSE FORCE 6,43.28 GB,Agak Berat,earth-defense-force-6,false
Ebola 2,428.71 MB,Sedang,ebola-2,false
Echoes of Yi Samsara,24.73 GB,Sedang,echoes-of-yi-samsara,false
ELDEN RING,69.4 GB,Berat,elden-ring,false
ELDEN RING NIGHTREIGN,21.7 GB,Sedang,elden-ring-nightreign,false
ELDEN RING Shadow of the Erdtree,69.40 GB,Berat,elden-ring-shadow-of-the-erdtree,false
Euro Fishing,15.98 GB,Sedang,euro-fishing,false
Euro Truck Simulator 2,34.03 GB,Agak Berat,euro-truck-simulator-2,false
Europa Universalis IV,9.82 GB,Ringan,europa-universalis-iv,false
Everdream Valley,2.84 GB,Ringan,everdream-valley,false
Expeditions A MudRunner Game,24.22 GB,Sedang,expeditions-a-mudrunner-game,false
Eyuden Chronicle Hundred Heroes,26.1 GB,Sedang,eyuden-chronicle-hundred-heroes,false
F1 2014,15.97 GB,Sedang,f1-2014,false
F1 2015,23.37 GB,Sedang,f1-2015,false
F1 2017,33.59 GB,Agak Berat,f1-2017,false
F1 2018,39.48 GB,Agak Berat,f1-2018,false
F1 2019,45 GB,Agak Berat,f1-2019,false
F1 2020,50 GB,Agak Berat,f1-2020,false
F1 2021,60 GB,Berat,f1-2021,false
F1 2022,80 GB,Berat,f1-2022,false
F1 2025,89 Gb,Berat,f1-2025,true
F1 Race Stars,5.18 GB,Ringan,f1-race-stars,false
Fae Farm,2.79 GB,Sedang,fae-farm,false
Fallout 2,736.01 MB,Ringan,fallout-2,false
Fallout 3,9.0 GB,Ringan,fallout-3,false
Fallout 4,37.8 GB,Agak Berat,fallout-4,false
Fallout New Vegas,9.68 GB,Ringan,fallout-new-vegas,false
Far Changing Tides,3.51 GB,Ringan,far-changing-tides,false
Far Cry 3,13.14 GB,Sedang,far-cry-3,false
Far Cry 4,32.57 GB,Agak Berat,far-cry-4,false
FAR CRY 5,97.4 GB,Berat,far-cry-5,false
Far Cry 6,140.68 GB,Berat,far-cry-6,false
Far Cry New Dawn,47.52 GB,Agak Berat,far-cry-new-dawn,false
Far Cry Primal,20.65 GB,Sedang,far-cry-primal,false
Farm Manager 2021,5.47 GB,Sedang,farm-manager-2021,false
Farming Simulator 19,15.8 GB,Sedang,farming-simulator-19,false
Farming Simulator 22,39.96 GB,Agak Berat,farming-simulator-22,false
Farming Simulator 25,40.8 GB,Agak Berat,farming-simulator-25,false
Fast Food Manager,4.82 GB,Sedang,fast-food-manager,false
FATAL FRAME II: Crimson Butterfly REMAKE,37 GB,Agak Berat,fatal-frame-ii-crimson-butterfly-remake,true
Fatal Frame Mask of the Lunar Eclipse,14.93 GB,Sedang,fatal-frame-mask-of-the-lunar-eclipse,false
FATAL FURY City of the Wolves,35.20 GB,Agak Berat,fatal-fury-city-of-the-wolves,false
Fate Extella,13.44 GB,Sedang,fate-extella,false
Feed and Grow Fish,1.47 GB,Ringan,feed-and-grow-fish,false
FFXV,102.79 GB,Berat,ffxv,false
FIFA 14,4 GB,Ringan,fifa-14,false
FIFA 15,9 GB,Ringan,fifa-15,false
FIFA 16,32 GB,Agak Berat,fifa-16,false
FIFA 18,38 GB,Agak Berat,fifa-18,false
FIFA 19,33 GB,Agak Berat,fifa-19,false
Fifa 2026,80 Gb,Berat,fifa-2026,true
FIFA 21,40 GB,Sedang,fifa-21,false
FIFA 22,45 GB,Sedang,fifa-22,false
FIFA 23,50.89 GB,Agak Berat,fifa-23,false
FIFA 25 EMU (NOT RECOMENT),10 GB,Sedang,fifa-25-emu-not-recoment,false
Fifa Street 2,4.73 GB,Ringan,fifa-street-2,false
Fight Night 2004,3.28 GB,Ringan,fight-night-2004,false
Fight Night Champion,5.67 GB,Ringan,fight-night-champion,false
Final Fantasy Tactics The Ivalice Chronicles,10 Gb,Sedang,final-fantasy-tactics-the-ivalice-chronicles,true
Final Fantasy Type-0 HD,25.9 GB,Sedang,final-fantasy-type-0-hd,false
FINAL FANTASY VII REBIRTH,161.0 GB,Berat,final-fantasy-vii-rebirth,false
Final Fantasy VII Remake,98.8 GB,Berat,final-fantasy-vii-remake,false
Final Fantasy X-2,38.69 GB,Agak Berat,final-fantasy-x-2,false
FINAL FANTASY XII,30.69 GB,Agak Berat,final-fantasy-xii,false
Final Fantasy XIII 2,28.94 GB,Sedang,final-fantasy-xiii-2,false
FINAL FANTASY XVI,160.67 GB,Berat,final-fantasy-xvi,false
Fire Emblem Three Houses,12.3 GB,Sedang,fire-emblem-three-houses,false
Fishing North Atlantic,13.88 GB,Sedang,fishing-north-atlantic,false
Fita Street,4.73 GB,Ringan,fita-street,false
Five Hearts Under One Roof,32.94 GB,Agak Berat,five-hearts-under-one-roof,false
Five Nights at Freddys 2,7.89 GB,Ringan,five-nights-at-freddys-2,false
Five Nights At Freddys Into The Pit,3.73 GB,Sedang,five-nights-at-freddys-into-the-pit,false
Five Nights at Freddys Security Breach,63.19 GB,Berat,five-nights-at-freddys-security-breach,false
Football Manager 2021,8.7 GB,Ringan,football-manager-2021,false
Football Manager 2023,5.11 GB,Ringan,football-manager-2023,false
Football Manager 26,8 Gb,Sedang,football-manager-26,true
Forza Horizon,9.22 GB,Ringan,forza-horizon,false
Forza Horizon 2,7.77 GB,Ringan,forza-horizon-2,false
Forza Horizon 3,65.52 GB,Berat,forza-horizon-3,false
Forza Horizon 5,112.15 GB,Berat,forza-horizon-5,false
Forza Horizon 6,155 Gb,Berat,forza-horizon-6,true
FRONT MISSION 2 Remake,9.50 GB,Sedang,front-mission-2-remake,false
Frostpunk,9.64 GB,Berat,frostpunk,false
Gas Station Simulator,15.04 GB,Sedang,gas-station-simulator,false
Gears Of War,12.83 GB,Sedang,gears-of-war,false
Gears of War 4,128.23 GB,Berat,gears-of-war-4,false
Ghost of Tsushima,56.3 GB,Agak Berat,ghost-of-tsushima,false
Ghost Recon Future Soldier,14.89 GB,Sedang,ghost-recon-future-soldier,false
Ghost Recon Wildlands,90.12 GB,Berat,ghost-recon-wildlands,false
Ghostwire Tokyo,18.64 GB,Sedang,ghostwire-tokyo,false
Goat Simulator 3,11.71 GB,Sedang,goat-simulator-3,false
GOD EATER 2,14.60 GB,Sedang,god-eater-2,false
God Eater 3,30.68 GB,Agak Berat,god-eater-3,false
God of War,8.46 GB,Ringan,god-of-war,false
God of War 2,10.5 GB,Sedang,god-of-war-2,false
GOD OF WAR 2018,67.39 GB,Berat,god-of-war-2018,false
GOD OF WAR 3,23.37 GB,Sedang,god-of-war-3,false
God of War Ascension,16.47 GB,Sedang,god-of-war-ascension,false
God of War Ghost of Olympus,1.62 GB,Ringan,god-of-war-ghost-of-olympus,false
God of War Ragnarok,112.0 GB,Berat,god-of-war-ragnarok,false
Godfall,51.11 GB,Agak Berat,godfall,false
Gran Turismo 4,5.3 GB,Ringan,gran-turismo-4,false
Grand Theft Auto III,1.5 GB,Ringan,grand-theft-auto-iii,false
Grand Theft Auto IV,32.5 GB,Agak Berat,grand-theft-auto-iv,false
Grand Theft Auto Liberty City Stories,4.06 GB,Ringan,grand-theft-auto-liberty-city-stories,false
Grand Theft Auto San Andreas,4.92 GB,Ringan,grand-theft-auto-san-andreas,false
Grand Theft Auto V,119.71 GB,Berat,grand-theft-auto-v,false
Grand Theft Auto Vice City,1.5 GB,Ringan,grand-theft-auto-vice-city,false
GreedFall: The Dying World,40 GB,Berat,greedfall-the-dying-world,true
Green Hell,10.33 GB,Sedang,green-hell,false
Grid 2,11.08 GB,Sedang,grid-2,false
GRID Autosport,16.23 GB,Sedang,grid-autosport,false
Grounded,30.82 GB,Agak Berat,grounded,false
GTA San Andreas Definitive,19.76 GB,Sedang,gta-san-andreas-definitive,false
GTA The Trilogy,33.38 GB,Agak Berat,gta-the-trilogy,false
GUILTY GEAR STRIVE,27.41 GB,Sedang,guilty-gear-strive,false
Guitar Hero 5,8.47 GB,Ringan,guitar-hero-5,false
Guitar Hero II,4.7 GB,Ringan,guitar-hero-ii,false
Guitar Hero Indonesia,2.73 GB,Ringan,guitar-hero-indonesia,false
Guitar Hero Metallica,8.48 GB,Ringan,guitar-hero-metallica,false
Guitar Hero Peterpan NOAH,1.24 GB,Ringan,guitar-hero-peterpan-noah,false
Guitar Hero Pop Indonesia,3.1 GB,Ringan,guitar-hero-pop-indonesia,false
Guitar Hero rocks the 80s,2.0 GB,Ringan,guitar-hero-rocks-the-80s,false
GUNDAM BREAKER 4,10.57 GB,Sedang,gundam-breaker-4,false
Gundam Extreme Vs Full Boost,9.00 GB,Ringan,gundam-extreme-vs-full-boost,false
GYLT,6.85 GB,Sedang,gylt,false
HADES,11.63 GB,Sedang,hades,false
Halo Infinite,48.7 GB,Agak Berat,halo-infinite,false
Halo The Master Chief Collection,140.8 GB,Berat,halo-the-master-chief-collection,false
Harvest Moon Light of Hope,890.68 MB,Ringan,harvest-moon-light-of-hope,false
Harvest Moon One World,989.51 MB,Sedang,harvest-moon-one-world,false
Harvest Moon Save the Homeland,229.45 MB,Ringan,harvest-moon-save-the-homeland,false
Hearts of Iron IV,9.73 GB,Ringan,hearts-of-iron-iv,false
Hell Is Us,21.5 GB,Berat,hell-is-us,false
Hellblade Senua's Sacrifice,19.95 GB,Sedang,hellblade-senuas-sacrifice,false
Hello Neighbor,50.8 GB,Agak Berat,hello-neighbor,false
Hitman,68.86 GB,Berat,hitman,false
Hitman 3,75.9 GB,Berat,hitman-3,false
Hitman Absolution,24.76 GB,Sedang,hitman-absolution,false
Hogwarts Legacy,76.48 GB,Berat,hogwarts-legacy,false
HOLLOW KNIGHT SILKSONG,7.94 GB,Ringan,hollow-knight-silksong,false
Home Sweet Home,11.23 GB,Sedang,home-sweet-home,false
Homefront,9.93 GB,Ringan,homefront,false
Horizon Zero Dawn,75.74 GB,Berat,horizon-zero-dawn,false
HOT WHEELS UNLEASHED,28.24 GB,Sedang,hot-wheels-unleashed,false
HOT WHEELS UNLEASHED 2,15.76 GB,Sedang,hot-wheels-unleashed-2,false
House Builder,29.32 GB,Sedang,house-builder,false
House Flipper,27.33 GB,Sedang,house-flipper,false
House Flipper 2,12.67 GB,Sedang,house-flipper-2,false
Human Fall Flat,5.26 GB,Ringan,human-fall-flat,false
HumanitZ,26.73 GB,Sedang,humanitz,false
HUMANKIND,36.15 GB,Agak Berat,humankind,false
Hunting Simulator 2,15.4 GB,Sedang,hunting-simulator-2,false
Hyrule Warriors,11.51 GB,Sedang,hyrule-warriors,false
HYTALE,3 GB,Ringan,hytale,false
I Am Fish,10.78 GB,Sedang,i-am-fish,false
I Am Part Time Worker,4.94 GB,Berat,i-am-part-time-worker,false
IBILIS,12.09 GB,Sedang,ibilis,false
Ice Age 3,3.44 GB,Ringan,ice-age-3,false
Immortals Fenyx Rising,56.03 GB,Agak Berat,immortals-fenyx-rising,false
INDIKA,51.0 GB,Berat,indika,false
INDORIYIX,23.34 GB,Sedang,indoriyix,false
INSIDE,2.3 GB,Ringan,inside,false
Internet Cafe Simulator,4.09 GB,Ringan,internet-cafe-simulator,false
Internet Cafe Simulator 2,7.01 GB,Ringan,internet-cafe-simulator-2,false
Into The Dead Our Darkest Days,6.01 GB,Sedang,into-the-dead-our-darkest-days,false
It Takes Two,50 GB,Agak Berat,it-takes-two,false
Jackie Chan Adventures,1.6 GB,Ringan,jackie-chan-adventures,false
JDM Japanese Drift Master,14.86 GB,Berat,jdm-japanese-drift-master,false
Judgment,37.7 GB,Agak Berat,judgment,false
Juiced 2,1.68 GB,Ringan,juiced-2,false
Jujutsu Kaisen,13.39 GB,Sedang,jujutsu-kaisen,false
Jump Force,46.88 GB,Agak Berat,jump-force,false
Jurassic Park Operation,305.48 MB,Ringan,jurassic-park-operation,false
Jurassic World Evolution,7.72 GB,Sedang,jurassic-world-evolution,false
Jurassic World Evolution 2,12.75 GB,Sedang,jurassic-world-evolution-2,false
Jurassic World Evolution 3,21 Gb,Berat,jurassic-world-evolution-3,true
Just Cause 4,52.36 GB,Agak Berat,just-cause-4,false
Justice League Heroes,2.65 GB,Ringan,justice-league-heroes,false
Kamen Rider Battride War,2.34 GB,Ringan,kamen-rider-battride-war,false
Kamen Rider Battride War II,4.25 GB,Ringan,kamen-rider-battride-war-ii,false
Kamen Rider Climax Scramble,3.04 GB,Ringan,kamen-rider-climax-scramble,false
Kamen Rider Memory of Heroez,6.79 GB,Ringan,kamen-rider-memory-of-heroez,false
Kena Bridge of Spirits,26.40 GB,Sedang,kena-bridge-of-spirits,false
Kingdom Come Deliverance II,93.76 GB,Berat,kingdom-come-deliverance-ii,false
Kingdom Hearts HD 2.8,31.10 GB,Agak Berat,kingdom-hearts-hd-28,false
Kingdom Hearts III,50.35 GB,Agak Berat,kingdom-hearts-iii,false
Kirby and the Forgotten Land,6.25 GB,Ringan,kirby-and-the-forgotten-land,false
Kirby Return to Dream Land Deluxe,5.48 GB,Ringan,kirby-return-to-dream-land-deluxe,false
Kirby Star Allies,3.25 GB,Ringan,kirby-star-allies,false
LA Noire,14.17 GB,Sedang,la-noire,false
Le Mans Ultimate,29.75 GB,Sedang,le-mans-ultimate,false
Left 4 Dead,4.67 GB,Ringan,left-4-dead,false
Left 4 Dead 2,14.68 GB,Sedang,left-4-dead-2,false
Legend of Mana,9.62 GB,Ringan,legend-of-mana,false
LEGO 2K Drive,10.81 GB,Sedang,lego-2k-drive,false
Lego Batman 2,3.94 GB,Ringan,lego-batman-2,false
LEGO Batman 3,8.38 GB,Ringan,lego-batman-3,false
LEGO Batman Legacy of the Dark Knight,15 Gb,Berat,lego-batman-legacy-of-the-dark-knight,true
LEGO City Undercover,18.12 GB,Sedang,lego-city-undercover,false
LEGO DC Super Villains,18.53 GB,Sedang,lego-dc-super-villains,false
Lego Harry Potter,7.71 GB,Ringan,lego-harry-potter,false
LEGO Horizon Adventures,14.84 GB,Berat,lego-horizon-adventures,false
LEGO Indiana Jones 2,5.94 GB,Ringan,lego-indiana-jones-2,false
LEGO Jurassic World,10.28 GB,Sedang,lego-jurassic-world,false
LEGO Lord of the Rings,6.07 GB,Ringan,lego-lord-of-the-rings,false
LEGO Marvel Avengers,25.33 GB,Sedang,lego-marvel-avengers,false
Lego Marvel Super Heroes,6.34 GB,Ringan,lego-marvel-super-heroes,false
LEGO Marvel Super Heroes 2,24.64 GB,Sedang,lego-marvel-super-heroes-2,false
LEGO Party,7.9 GB,Ringan,lego-party,false
LEGO Pirates of the Caribbean,7.76 GB,Ringan,lego-pirates-of-the-caribbean,false
LEGO Star Wars III,7.08 GB,Ringan,lego-star-wars-iii,false
Lego Star Wars The Force Awakens,20.17 GB,Sedang,lego-star-wars-the-force-awakens,false
LEGO Star Wars The Skywalker Saga,39.99 GB,Agak Berat,lego-star-wars-the-skywalker-saga,false
LEGO The Hobbit,8.80 GB,Ringan,lego-the-hobbit,false
LEGO Voyagers,3.6 GB,Sedang,lego-voyagers,false
Lens Island,3.98 GB,Sedang,lens-island,false
Lies of P,41.50 GB,Agak Berat,lies-of-p,false
Life is Strange,14.67 GB,Sedang,life-is-strange,false
Life is Strange Before the Storm,20.58 GB,Sedang,life-is-strange-before-the-storm,false
Life is Strange Double Exposure,24.10 GB,Sedang,life-is-strange-double-exposure,false
Life is Strange Remastered,43.78 GB,Agak Berat,life-is-strange-remastered,false
Life is Strange Reunion,27 Gb,Agak Berat,life-is-strange-reunion,true
Life Is Strange True Colors,25.55 GB,Sedang,life-is-strange-true-colors,false
Lightning Returns Final Fantasy XIII,21.68 GB,Sedang,lightning-returns-final-fantasy-xiii,false
Like A Dragon Ishin,61 Gb,Berat,like-a-dragon-ishin,true
LIMBO,111.52 MB,Ringan,limbo,false
Little Nightmares 3,15 GB,Sedang,little-nightmares-3,false
Little Nightmares II,21.99 GB,Sedang,little-nightmares-ii,false
Lord Of Fallen,34 Gb,Berat,lord-of-fallen,true
Lords of the Fallen,34.68 GB,Agak Berat,lords-of-the-fallen,false
Lost Judgment,66 Gb,Berat,lost-judgment,true
Lost Skies,16.46 GB,Sedang,lost-skies,false
Luigi Mansion 2,6.62 GB,Ringan,luigi-mansion-2,false
LUIGI MANSION 3,7.6 GB,Ringan,luigi-mansion-3,false
Luma Island,2 GB,Ringan,luma-island,false
Mad Max,34.86 GB,Agak Berat,mad-max,false
Mafia,2.80 GB,Ringan,mafia,false
Mafia Definitive Edition,37.29 GB,Agak Berat,mafia-definitive-edition,false
Mafia II,11.47 GB,Sedang,mafia-ii,false
Mafia II Definitive Edition,46.1 GB,Agak Berat,mafia-ii-definitive-edition,false
Mafia III Definitive Edition,56.07 GB,Agak Berat,mafia-iii-definitive-edition,false
Mafia The Old Country,47 Gb,Berat,mafia-the-old-country,true
Maneater,18.43 GB,Sedang,maneater,false
Manhunt,2.04 GB,Ringan,manhunt,false
Manor Lords,12.82 GB,Sedang,manor-lords,false
Mario Kart 8,7.53 GB,Ringan,mario-kart-8,false
Mario Sonic Olympic Games,6.89 GB,Ringan,mario-sonic-olympic-games,false
Mario Tennis Aces,3.03 GB,Ringan,mario-tennis-aces,false
mario tennis ultra smash,2.17 GB,Ringan,mario-tennis-ultra-smash,false
Marvel Spider Man 2,116.2 GB,Berat,marvel-spider-man-2,false
Marvel Spider-Man Miles Morales,59.65 GB,Agak Berat,marvel-spider-man-miles-morales,false
Marvel Spider-Man Remastered,70.40 GB,Berat,marvel-spider-man-remastered,false
Marvel Ultimate Alliance,5.8 GB,Ringan,marvel-ultimate-alliance,false
Marvel Ultimate Alliance 2,5.5 GB,Ringan,marvel-ultimate-alliance-2,false
MARVEL ULTIMATE ALLIANCE 3,14.1 GB,Sedang,marvel-ultimate-alliance-3,false
Marvels Avengers,63.7 GB,Berat,marvels-avengers,false
MASS Builder,13.24 GB,Sedang,mass-builder,false
Mass Effect Andromeda,49.48 GB,Agak Berat,mass-effect-andromeda,false
Max Payne 3,33.02 GB,Agak Berat,max-payne-3,false
Medal Of Honor,7.78 GB,Ringan,medal-of-honor,false
Medal Of Honor Allied Assault,2.65 GB,Ringan,medal-of-honor-allied-assault,false
Medal of Honor Warfighter,16.47 GB,Sedang,medal-of-honor-warfighter,false
Medieval Dynasty,9.61 GB,Ringan,medieval-dynasty,false
MELTY BLOOD TYPE LUMINA,12.73 GB,Sedang,melty-blood-type-lumina,false
Metal Gear Rising,25.81 GB,Sedang,metal-gear-rising,false
Metal Gear Solid 3,4.61 GB,Ringan,metal-gear-solid-3,false
METAL GEAR SOLID DELTA,98.8 GB,Berat,metal-gear-solid-delta,false
Metal Gear Solid V,3.08 GB,Ringan,metal-gear-solid-v,false
METAL SLUG ATTACK RELOADED,2.68 GB,Berat,metal-slug-attack-reloaded,false
Metaphor Refantazio,85.33 GB,Berat,metaphor-refantazio,false
Metro 2033 Redux,8.42 GB,Ringan,metro-2033-redux,false
Metro Exodus,81.8 GB,Berat,metro-exodus,false
Metro Last Light Redux,17.89 GB,Sedang,metro-last-light-redux,false
Microsoft Flight Simulator X,16.83 GB,Sedang,microsoft-flight-simulator-x,false
Middle Earth Shadow of Mordor,41.2 GB,Agak Berat,middle-earth-shadow-of-mordor,false
Middle Earth Shadow of War,114.99 GB,Berat,middle-earth-shadow-of-war,false
MIGHT AND MAGIC HEROS V,10.60 GB,Sedang,might-and-magic-heros-v,false
Minecraft Dungeons,5.66 GB,Ringan,minecraft-dungeons,false
Minecraft Legends,11.03 GB,Sedang,minecraft-legends,false
Minecraft Story Mode,6.24 GB,Ringan,minecraft-story-mode,false
Mist Survival,25.70 GB,Sedang,mist-survival,false
Mixtape,10 Gb,Berat,mixtape,true
Monster Energy Supercross 25,17.42 GB,Berat,monster-energy-supercross-25,false
Monster Hunter Generations,12.32 GB,Sedang,monster-hunter-generations,false
Monster Hunter Rise,36.17 GB,Agak Berat,monster-hunter-rise,false
Monster Hunter Stories,11.10 GB,Sedang,monster-hunter-stories,false
Monster Hunter Stories 2,28.0 GB,Sedang,monster-hunter-stories-2,false
Monster Hunter Stories 3 Twisted Reflection,37 Gb,Berat,monster-hunter-stories-3-twisted-reflection,true
Monster Hunter Wilds,155 GB,Berat,monster-hunter-wilds,true
Monster Hunter World Iceborne,53.8 GB,Agak Berat,monster-hunter-world-iceborne,false
Monster Truck Championship,27.61 GB,Sedang,monster-truck-championship,false
Mortal Kombat 1,105 Gb,Berat,mortal-kombat-1,true
Mortal Kombat 11,152.9 GB,Berat,mortal-kombat-11,false
Mortal Kombat XL,38.85 GB,Agak Berat,mortal-kombat-xl,false
Motel Manager Simulator,2.44 GB,Ringan,motel-manager-simulator,false
Moto GP 2026,40 Gb,Berat,moto-gp-2026,true
MOTO GP 25,40 GB,Agak Berat,moto-gp-25,false
MotoGP 15,15.94 GB,Sedang,motogp-15,false
MotoGP 17,12.07 GB,Sedang,motogp-17,false
MotoGP 18,15.21 GB,Sedang,motogp-18,false
MotoGP 20,24.09 GB,Sedang,motogp-20,false
MotoGP 22,26.08 GB,Sedang,motogp-22,false
MotoGP 23,26.15 GB,Sedang,motogp-23,false
MotoGP 24,25.65 GB,Sedang,motogp-24,false
MotoGP 25,26.00 GB,Sedang,motogp-25,false
Motorcycle Mechanic Simulator 2021,19.9 GB,Sedang,motorcycle-mechanic-simulator-2021,false
Mount & Blade II Bannerlord,49.4 GB,Agak Berat,mount-blade-ii-bannerlord,false
Moving Out,715.92 MB,Ringan,moving-out,false
Moving Out 2,1.39 GB,Sedang,moving-out-2,false
Ms Office 2021,1.98 GB,Ringan,ms-office-2021,false
MX vs ATV Legends,38.22 GB,Agak Berat,mx-vs-atv-legends,false
MXGP,2.75 GB,Ringan,mxgp,false
MXGP 2019,12.9 GB,Sedang,mxgp-2019,false
MXGP 2021,18.02 GB,Sedang,mxgp-2021,false
MXGP 2022,31.11 GB,Agak Berat,mxgp-2022,false
MXGP PRO,13.65 GB,Sedang,mxgp-pro,false
My Friend Pedro,3.7 GB,Sedang,my-friend-pedro,false
MY HERO ACADEMIA ALL JUSTICE,10 GB,Sedang,my-hero-academia-all-justice,false
MY HERO ONES JUSTICE 2,12.5 GB,Sedang,my-hero-ones-justice-2,false
My Time at Sandrock,29.3 GB,Sedang,my-time-at-sandrock,false
MySims,4.22 GB,Ringan,mysims,false
MySims Kingdom,4.00 GB,Ringan,mysims-kingdom,false
NARUTO SHIPPUDEN Ultimate Ninja STORM 1,8.19 GB,Ringan,naruto-shippuden-ultimate-ninja-storm-1,false
NARUTO SHIPPUDEN Ultimate Ninja STORM 2,7.45 GB,Ringan,naruto-shippuden-ultimate-ninja-storm-2,false
NARUTO SHIPPUDEN Ultimate Ninja STORM 3 Full Brush,17.06 GB,Sedang,naruto-shippuden-ultimate-ninja-storm-3-full-brush,false
NARUTO SHIPPUDEN Ultimate Ninja STORM 4,40.82 GB,Agak Berat,naruto-shippuden-ultimate-ninja-storm-4,false
NARUTO SHIPPUDEN Ultimate Ninja STORM Revolution,10GB,Sedang,naruto-shippuden-ultimate-ninja-storm-revolution,false
NARUTO TO BORUTO SHINOBI STRIKER,29.99 GB,Sedang,naruto-to-boruto-shinobi-striker,false
NARUTO X BORUTO STORM CONNECTIONS,31.3 GB,Agak Berat,naruto-x-boruto-storm-connections,false
NASCAR Arcade Rush,4.73 GB,Berat,nascar-arcade-rush,false
NASCAR Heat 4,18.1 GB,Sedang,nascar-heat-4,false
NASCAR Heat 5,16.4 GB,Sedang,nascar-heat-5,false
NBA 2026,98 Gb,Berat,nba-2026,true
NBA 2K16,44.5 GB,Agak Berat,nba-2k16,false
NBA 2K20,103.23 GB,Berat,nba-2k20,false
NBA 2K22,121.77 GB,Berat,nba-2k22,false
NBA 2K24,7.70 GB,Sedang,nba-2k24,false
NBA BOUNCE,0.8 GB,Sedang,nba-bounce,false
Need for Speed Carbon,5.36 GB,Ringan,need-for-speed-carbon,false
Need for Speed Heat,32.0 GB,Agak Berat,need-for-speed-heat,false
Need for Speed Most Wanted,8.99 GB,Ringan,need-for-speed-most-wanted,false
Need for Speed Payback,28.71 GB,Sedang,need-for-speed-payback,false
Need For Speed ProStreet,10.46 GB,Sedang,need-for-speed-prostreet,false
Need for Speed Rivals,11.55 GB,Sedang,need-for-speed-rivals,false
Need for Speed Shift,5.44 GB,Ringan,need-for-speed-shift,false
Need for Speed Shift 2,6.90 GB,Ringan,need-for-speed-shift-2,false
Need for Speed The Run,16.46 GB,Sedang,need-for-speed-the-run,false
Need for Speed Undercover,6.2 GB,Ringan,need-for-speed-undercover,false
Need for Speed Underground,1.33 GB,Ringan,need-for-speed-underground,false
Need For Speed Underground 2,1.82 GB,Ringan,need-for-speed-underground-2,false
New Pokemon Snap,6.3 GB,Ringan,new-pokemon-snap,false
New Super Mario Bros U Deluxe,2.8 GB,Ringan,new-super-mario-bros-u-deluxe,false
NFS Hot Pursuit,5.89 GB,Ringan,nfs-hot-pursuit,false
NFS Most Wanted,2.95 GB,Ringan,nfs-most-wanted,false
Nickelodeon All Star Brawl,16.26 GB,Sedang,nickelodeon-all-star-brawl,false
Nickelodeon Avatar,2.03 GB,Sedang,nickelodeon-avatar,false
Nickelodeon Kart Racers 2,5.18 GB,Sedang,nickelodeon-kart-racers-2,false
Nickelodeon Kart Racers 3,5.62 GB,Sedang,nickelodeon-kart-racers-3,false
Nier Automata,50.46 GB,Agak Berat,nier-automata,false
NieR Replicant,26.29 GB,Sedang,nier-replicant,false
Nightmare Side,9.87 GB,Sedang,nightmare-side,false
Ninja Gaiden,3.7 GB,Ringan,ninja-gaiden,false
Ninja Gaiden 4,40 GB,Berat,ninja-gaiden-4,false
Nioh 2,80.25 GB,Berat,nioh-2,false
NIOH 3,80 GB,Berat,nioh-3,false
No Man Sky,23.27 GB,Sedang,no-man-sky,false
NOBUNAGAS AMBITION Awakening,26.80 GB,Sedang,nobunagas-ambition-awakening,false
Norland,1.03 GB,Sedang,norland,false
Northgard,3.36 GB,Ringan,northgard,false
Octopath Traveler,3.80 GB,Ringan,octopath-traveler,false
Omega Crafter,1.99 GB,Sedang,omega-crafter,false
One Piece Burning Blood,12.09 GB,Sedang,one-piece-burning-blood,false
ONE PIECE ODYSSEY,33.0 GB,Agak Berat,one-piece-odyssey,false
One Piece Pirate Warriors 3,12.01 GB,Sedang,one-piece-pirate-warriors-3,false
ONE PIECE PIRATE WARRIORS 4,27.44 GB,Sedang,one-piece-pirate-warriors-4,false
One Piece Unlimited World Red,12.36 GB,Sedang,one-piece-unlimited-world-red,false
One Piece World Seeker,25.2 GB,Sedang,one-piece-world-seeker,false
ONE PUNCH MAN A HERO NOBODY KNOWS,7.8 GB,Sedang,one-punch-man-a-hero-nobody-knows,false
Onimusha 3,1.21 GB,Ringan,onimusha-3,false
Only Up 2,6.37 GB,Sedang,only-up-2,false
Open Country,18.17 GB,Sedang,open-country,false
Outbound,10 Gb,Berat,outbound,true
Outlast,5.95 GB,Ringan,outlast,false
Outpost Infinity Siege,38.95 GB,Berat,outpost-infinity-siege,false
Overcooked 2,8.39 GB,Ringan,overcooked-2,false
Oxygen Not Included,2.94 GB,Ringan,oxygen-not-included,false
Pacific Drive,20.64 GB,Berat,pacific-drive,false
Paleo Pines,4.19 GB,Sedang,paleo-pines,false
Pamali,5.76 GB,Sedang,pamali,false
Paper Mario The Origami King,7.23 GB,Ringan,paper-mario-the-origami-king,false
Paralives,8 Gb,Sedang,paralives,true
Partisans 1941,9.58 GB,Sedang,partisans-1941,false
PAYDAY 2,86.6 GB,Berat,payday-2,false
PayDay The Heist,5.42 GB,Ringan,payday-the-heist,false
PC Building Simulator,23.4 GB,Sedang,pc-building-simulator,false
PC Building Simulator 2,29.59 GB,Sedang,pc-building-simulator-2,false
PEAK,5.52 GB,Ringan,peak,false
People Playground,452.04 MB,Ringan,people-playground,false
Persona 3,8.11 GB,Sedang,persona-3,false
Persona 3 Reload,19 Gb,Sedang,persona-3-reload,true
Persona 4 Arena Ultimax,15.43 GB,Sedang,persona-4-arena-ultimax,false
Persona 4 Golden,12.8 GB,Sedang,persona-4-golden,true
Persona 5 Royal,34.26 GB,Berat,persona-5-royal,false
Persona 5 Strikers,25.03 GB,Sedang,persona-5-strikers,false
Persona 5 Tactica,7.43 GB,Sedang,persona-5-tactica,false
PICO PARK,82.71 MB,Ringan,pico-park,false
PICO PARK 2,227.65 MB,Ringan,pico-park-2,false
PixARK,17.77 GB,Sedang,pixark,false
Planet Coaster,12.06 GB,Sedang,planet-coaster,false
Planet Coaster 2,28 Gb,Berat,planet-coaster-2,true
PLANET OF LANA 2,17 GB,Sedang,planet-of-lana-2,true
Planet of the Apes,19.63 GB,Sedang,planet-of-the-apes,false
Planet Zoo,10.33 GB,Sedang,planet-zoo,false
Plants Vs Zombies GOTY,48.07 GB,Agak Berat,plants-vs-zombies-goty,false
Pokemon Lets Go Pikachu,4.82 GB,Ringan,pokemon-lets-go-pikachu,false
Pokemon Scarlet,6.78 GB,Ringan,pokemon-scarlet,false
Pokemon Shield,10.43 GB,Sedang,pokemon-shield,false
Pokemon Sword,10.43 GB,Sedang,pokemon-sword,false
Pokemon Tournament DX,3.64 GB,Ringan,pokemon-tournament-dx,false
Pokemon Violet,7.16 GB,Ringan,pokemon-violet,false
Pokemon Z-A,20 GB,Sedang,pokemon-z-a,false
Police Simulator Patrol Officers,12.66 GB,Sedang,police-simulator-patrol-officers,false
Poppy Playtime Chapter 3,38.3 GB,Agak Berat,poppy-playtime-chapter-3,false
Poppy Playtime Chapter 5,30 GB,Sedang,poppy-playtime-chapter-5,false
Portal 2,13.23 GB,Sedang,portal-2,false
Portal Knights,10.97 GB,Sedang,portal-knights,false
Power And Revolution 2021,7.41 GB,Ringan,power-and-revolution-2021,false
Power Rangers Battle For The Grid,1.63 GB,Sedang,power-rangers-battle-for-the-grid,false
Power Rangers Legends,1.5 GB,Sedang,power-rangers-legends,false
PowerWash Simulator,10.95 GB,Sedang,powerwash-simulator,false
Praetorians HD,1.73 GB,Sedang,praetorians-hd,false
Prince Of Persia The Lost Crown,6.77 GB,Ringan,prince-of-persia-the-lost-crown,true
Prison Simulator,3.52 GB,Ringan,prison-simulator,false
Pro Evolution Soccer PES 2013,11.4 GB,Sedang,pro-evolution-soccer-pes-2013,false
Pro Evolution Soccer PES 2016,23.8 GB,Sedang,pro-evolution-soccer-pes-2016,false
Pro Evolution Soccer PES 2017,45 GB,Agak Berat,pro-evolution-soccer-pes-2017,false
Pro Evolution Soccer PES 2018,43 GB,Agak Berat,pro-evolution-soccer-pes-2018,false
Pro Evolution Soccer PES 2019,44 GB,Agak Berat,pro-evolution-soccer-pes-2019,false
Pro Evolution Soccer PES 2021,80 GB,Berat,pro-evolution-soccer-pes-2021,false
Pro Evolution Soccer PES 6,3.67 GB,Ringan,pro-evolution-soccer-pes-6,false
Project Cars 3,51.85 GB,Agak Berat,project-cars-3,false
Project Wingman,13.95 GB,Sedang,project-wingman,false
Project Zomboid,1.99 GB,Ringan,project-zomboid,false
Prototype 2,10.27 GB,Sedang,prototype-2,false
Pumping Simulator 2,6.36 GB,Ringan,pumping-simulator-2,false
Raft,7.0 GB,Ringan,raft,false
Raiden IV,1.85 GB,Ringan,raiden-iv,false
Rampage Total Destruction,4.66 GB,Ringan,rampage-total-destruction,false
Ranch Simulator,21.49 GB,Sedang,ranch-simulator,false
Ratchet and Clank Rift Apart,40.7 GB,Agak Berat,ratchet-and-clank-rift-apart,false
Ravenfield,1.97 GB,Ringan,ravenfield,false
Rayman Legends,8.74 GB,Ringan,rayman-legends,false
Ready or Not,68.5 GB,Berat,ready-or-not,false
REANIMAL,5 GB,Ringan,reanimal,false
Red Alert 4,1.57 GB,Ringan,red-alert-4,false
Red Dead Redemption,12.94 GB,Sedang,red-dead-redemption,false
Remnant From the Ashes,12.3 GB,Sedang,remnant-from-the-ashes,false
Resident Evil 0,12.19 GB,Sedang,resident-evil-0,false
Resident Evil 2,25.16 GB,Sedang,resident-evil-2,false
Resident Evil 3,24.95 GB,Sedang,resident-evil-3,false
Resident Evil 4,12.26 GB,Berat,resident-evil-4,false
Resident Evil 4 REMAKE,60.40 GB,Berat,resident-evil-4-remake,false
Resident Evil 5,8.91 GB,Ringan,resident-evil-5,false
Resident Evil 6,18.07 GB,Sedang,resident-evil-6,false
Resident Evil 7,64 GB,Berat,resident-evil-7,false
Resident Evil Requiem - RE 9,78 GB,Berat,resident-evil-requiem-re-9,true
Resident Evil Revelations,7.5 GB,Ringan,resident-evil-revelations,false
Resident Evil Revelations 2,19.24 GB,Sedang,resident-evil-revelations-2,false
Resident Evil Village,39.19 GB,Berat,resident-evil-village,false
Ride 2,32.38 GB,Agak Berat,ride-2,false
RiDE 4,49.10 GB,Agak Berat,ride-4,false
RIDE 6,40 GB,Agak Berat,ride-6,false
RiMS Racing,13.74 GB,Sedang,rims-racing,false
Rise of the Tomb Raider,37.67 GB,Agak Berat,rise-of-the-tomb-raider,false
River City Girls 2,6.0 GB,Ringan,river-city-girls-2,false
Rocket League,11.40 GB,Sedang,rocket-league,false
RollerCoaster Tycoon 3,1.39 GB,Ringan,rollercoaster-tycoon-3,false
Ronin,156.52 GB,Berat,ronin,false
Rune Factory 3 Special,3.2 GB,Sedang,rune-factory-3-special,false
Rune Factory 5,9.07 GB,Sedang,rune-factory-5,false
Saint Seiya Soldiers Soul,9.05 GB,Ringan,saint-seiya-soldiers-soul,false
Saints Row IV,10.41 GB,Sedang,saints-row-iv,false
Samurai Warriors 4 DX,22.6 GB,Sedang,samurai-warriors-4-dx,false
SAMURAI WARRIORS 4 II,10.61 GB,Sedang,samurai-warriors-4-ii,false
SAMURAI WARRIORS 5,15.95 GB,Sedang,samurai-warriors-5,false
SBK 22,9.14 GB,Sedang,sbk-22,false
Scarface,3.8 GB,Ringan,scarface,false
Scarlet Nexus,21.0 GB,Sedang,scarlet-nexus,false
Schedule Lu,7.1 GB,Sedang,schedule-lu,false
Scrap Mechanic,9.46 GB,Ringan,scrap-mechanic,false
SCUM,67.0 GB,Berat,scum,false
Seduction of beauty,4.08 GB,Ringan,seduction-of-beauty,false
Sekiro Shadows Die Twice,15.67 GB,Sedang,sekiro-shadows-die-twice,false
Sengoku Basara,4.7 GB,Ringan,sengoku-basara,false
Sengoku Basara 2,4.72 GB,Ringan,sengoku-basara-2,false
Sengoku Basara 3 Utage,12.5 GB,Sedang,sengoku-basara-3-utage,false
Sengoku Basara 4 Sumeragi,18.69 GB,Sedang,sengoku-basara-4-sumeragi,false
Sengoku Basara Samurai Heroes,12.12 GB,Sedang,sengoku-basara-samurai-heroes,false
Sengoku Dynasty,20.07 GB,Berat,sengoku-dynasty,false
September 7th,9.62 GB,Sedang,september-7th,false
Session Skateboarding,13.98 GB,Sedang,session-skateboarding,false
Shadow of the Tomb Raider,39.9 GB,Agak Berat,shadow-of-the-tomb-raider,false
Shadow Warrior 2,14.01 GB,Sedang,shadow-warrior-2,false
Sherlock Holmes,19.21 GB,Sedang,sherlock-holmes,false
Shieldwall,7.87 GB,Ringan,shieldwall,false
Shin chan Shiro and the Coal Town,4.66 GB,Ringan,shin-chan-shiro-and-the-coal-town,false
Shin Megami Tensei V Vengeance,31 Gb,Berat,shin-megami-tensei-v-vengeance,true
Shinobi Art Of Vengeance,9 Gb,Sedang,shinobi-art-of-vengeance,true
Sid Meiers Civilization VI,22.50 GB,Sedang,sid-meiers-civilization-vi,false
SIFU,30.92 GB,Agak Berat,sifu,false
Silent Hill 2 Remake,35.84 GB,Agak Berat,silent-hill-2-remake,false
Silent Hill Downpour,5.0 GB,Ringan,silent-hill-downpour,false
SILENT HILL F,50.5 GB,Berat,silent-hill-f,false
SimCity 4,1.23 GB,Ringan,simcity-4,false
Simcity Deluxe,3.6 GB,Ringan,simcity-deluxe,false
Sims 2 The Castaway,4.66 GB,Ringan,sims-2-the-castaway,false
Sims of a Solar Empire II,15.0 GB,Sedang,sims-of-a-solar-empire-ii,false
Six Days in Fallujah,21.04 GB,Sedang,six-days-in-fallujah,false
Sleeping Dogs,7.2 GB,Ringan,sleeping-dogs,false
Sniper Elite 3,27.49 GB,Sedang,sniper-elite-3,false
Sniper Elite 4,70.6 GB,Berat,sniper-elite-4,false
Sniper Elite V2,13.67 GB,Sedang,sniper-elite-v2,false
Sniper Elite: Resistance,90 Gb,Berat,sniper-elite-resistance,true
Sniper Ghost Warrior,7.2 GB,Ringan,sniper-ghost-warrior,false
Sniper Ghost Warrior 2,8.63 GB,Ringan,sniper-ghost-warrior-2,false
Sniper Ghost Warrior 3,60.25 GB,Berat,sniper-ghost-warrior-3,false
Snowrunner,42.55 GB,Agak Berat,snowrunner,false
Song Of The Prairie,3.15 GB,Sedang,song-of-the-prairie,false
Sonic & All Stars Racing,7.57 GB,Ringan,sonic-all-stars-racing,false
Sonic And All Stars Racing,7.52 GB,Ringan,sonic-and-all-stars-racing,false
Sonic Colors Ultimate,7.50 GB,Sedang,sonic-colors-ultimate,false
Sonic Forces,17.93 GB,Sedang,sonic-forces,false
Sonic Frontier,11.4 GB,Sedang,sonic-frontier,false
Sonic Generations,8.8 GB,Ringan,sonic-generations,false
Sonic Origins,8 Gb,Sedang,sonic-origins,true
Sonic Racing Cross Worlds,20 Gb,Berat,sonic-racing-cross-worlds,true
Sonic Superstar,4.75 GB,Sedang,sonic-superstar,false
Sonic SuperStars,13 Gb,Sedang,sonic-superstars,true
Sonic Unleashed,9.80 GB,Ringan,sonic-unleashed,false
SONIC X SHADOW GENERATIONS,14.14 GB,Sedang,sonic-x-shadow-generations,false
Sons Of The Forest,15.66 GB,Sedang,sons-of-the-forest,false
SOS Pioneers of Olive Town,1.55 GB,Sedang,sos-pioneers-of-olive-town,false
Soul Hackers 2,21 Gb,Agak Berat,soul-hackers-2,true
Soulmask,10.13 GB,Berat,soulmask,false
Soulslinger Envoy of Death,15.91 GB,Sedang,soulslinger-envoy-of-death,false
South of Midnight,88.8 GB,Berat,south-of-midnight,false
Spider Man Friend Or Foe,3.7 GB,Ringan,spider-man-friend-or-foe,false
Spider Man Shattered Dimensions,14.09 GB,Sedang,spider-man-shattered-dimensions,false
Spiritires,956.98 MB,Ringan,spiritires,false
Splinter Cell Conviction,8.23 GB,Ringan,splinter-cell-conviction,false
Split Fiction,92.0 GB,Berat,split-fiction,false
SplitSecond,7.20 GB,Ringan,splitsecond,false
SpongeBob SquarePants Bikini Bottom,9.14 GB,Sedang,spongebob-squarepants-bikini-bottom,false
SPORE,6.1 GB,Ringan,spore,false
Star Wars Battlefront,54.91 GB,Agak Berat,star-wars-battlefront,false
Star Wars Battlefront 2,94.3 GB,Berat,star-wars-battlefront-2,false
STAR WARS Jedi Fallen Order,59.4 GB,Agak Berat,star-wars-jedi-fallen-order,false
STAR WARS Jedi Survivor,136.22 GB,Berat,star-wars-jedi-survivor,false
Star Wars Outlaws,74 Gb Berat,Berat,star-wars-outlaws,true
STAR WARS The Force Unleashed,30.07 GB,Agak Berat,star-wars-the-force-unleashed,false
StarCraft II,20.89 GB,Sedang,starcraft-ii,false
StarCraft Remastered,10.73 GB,Sedang,starcraft-remastered,false
Stardew Valley,716.18 MB,Ringan,stardew-valley,false
STARSAND ISLAND,2 GB,Sedang,starsand-island,false
State of Decay,3.09 GB,Ringan,state-of-decay,false
State of Decay 2,21.39 GB,Sedang,state-of-decay-2,false
Stellar Blade,63 Gb,Berat,stellar-blade,true
STORY OF SEASON GRAND BAZZAR,5 GB,Sedang,story-of-season-grand-bazzar,false
STORY OF SEASONS A Wonderful Life,1.40 GB,Sedang,story-of-seasons-a-wonderful-life,false
Story of Seasons Friends of Mineral Town,1.14 GB,Sedang,story-of-seasons-friends-of-mineral-town,false
Story of Seasons Grand Bazaar,4.95 GB,Sedang,story-of-seasons-grand-bazaar,false
Stranded Deep,2.2 GB,Ringan,stranded-deep,false
Stray,6.52 GB,Sedang,stray,false
Streamer Life Simulator,5.48 GB,Ringan,streamer-life-simulator,false
Street Figher 6,102 Gb,Berat,street-figher-6,true
Street Fighter V,47.83 GB,Agak Berat,street-fighter-v,false
Streets of Rage 4,6.47 GB,Sedang,streets-of-rage-4,false
Stronghold Crusader HD,0.9 GB,Ringan,stronghold-crusader-hd,false
Stronghold Crusader II,4.9 GB,Ringan,stronghold-crusader-ii,false
Stronghold Definitive Edition,3.97 GB,Sedang,stronghold-definitive-edition,false
Stuart Little 3,2.0 GB,Ringan,stuart-little-3,false
Subnatica 2,15 Gb,Berat,subnatica-2,true
Subnautica,6.95 GB,Ringan,subnautica,false
Subnautica Below Zero,8.41 GB,Sedang,subnautica-below-zero,false
Suikoden I&II Remaster,10.74 GB,Sedang,suikoden-iii-remaster,false
Suikoden V,4.54 GB,Ringan,suikoden-v,false
Summer in Mara,1.77 GB,Ringan,summer-in-mara,false
Super Bomberman R,6.21 GB,Ringan,super-bomberman-r,false
Super Robot Wars 30,19.9 GB,Sedang,super-robot-wars-30,false
SUPER ROBOT WARS V,14.52 GB,Sedang,super-robot-wars-v,false
Super Smash Bros Ultimate,16.8 GB,Sedang,super-smash-bros-ultimate,false
Supercar Collection Simulator,5.21 GB,Sedang,supercar-collection-simulator,false
Supernatural,11.0 GB,Sedang,supernatural,false
Sword and Fairy 7,68.19 GB,Berat,sword-and-fairy-7,false
SWORD ART ONLINE Alicization Lycoris,93.2 GB,Berat,sword-art-online-alicization-lycoris,false
Sword Art Online Fatal Bullet,7.2 GB,Berat,sword-art-online-fatal-bullet,false
SWORD ART ONLINE Fractured Daydream,44.24 GB,Agak Berat,sword-art-online-fractured-daydream,false
TABS,4.83 GB,Ringan,tabs,false
Tales of Berseria,14.28 GB,Sedang,tales-of-berseria,false
Tales of Zestiria,12.63 GB,Sedang,tales-of-zestiria,false
Taxi Life,4.45 GB,Sedang,taxi-life,false
TCG Card Shop Simulator,3.06 GB,Sedang,tcg-card-shop-simulator,false
Team Sonic Racing,30.72 GB,Agak Berat,team-sonic-racing,false
Teardown,5.5 GB,Ringan,teardown,false
Tekken 5,4.5 GB,Ringan,tekken-5,false
Tekken 7,85.0 GB,Berat,tekken-7,false
TEKKEN 8,122.09 GB,Berat,tekken-8,false
Tenchu Fatal Shadows,3.90 GB,Ringan,tenchu-fatal-shadows,false
Tenchu Wrath of Heaven,4.0 GB,Ringan,tenchu-wrath-of-heaven,false
Terminator Resistance,27.8 GB,Sedang,terminator-resistance,false
Terraria,668.74 MB,Ringan,terraria,false
The Amazing Spider Man,8.67 GB,Ringan,the-amazing-spider-man,false
The Amazing Spider Man 2,8.4 GB,Ringan,the-amazing-spider-man-2,false
The Bridge Curse 2,6.1 GB,Sedang,the-bridge-curse-2,false
The Bus,70 GB,Berat,the-bus,true
The Coffin of Andy and Leyley,705.20 MB,Ringan,the-coffin-of-andy-and-leyley,false
The Crew,26.0 GB,Sedang,the-crew,false
THe Crew 2,40 GB,Agak Berat,the-crew-2,false
The Dark Pictures Anthology,65.3 GB,Berat,the-dark-pictures-anthology,false
The Elder Scrolls V Skyrim,24.83 GB,Sedang,the-elder-scrolls-v-skyrim,false
The Evil Within,57.1 GB,Agak Berat,the-evil-within,false
The Evil Within 2,36.07 GB,Agak Berat,the-evil-within-2,false
The First Berserker Khazan,50 Gb,Berat,the-first-berserker-khazan,true
The Forest,5.84 GB,Ringan,the-forest,false
The Good Life,3.7 GB,Sedang,the-good-life,false
The Hinokami Chronicles 2,14.38 GB,Sedang,the-hinokami-chronicles-2,false
The Hunter Call of the Wild,83.3 GB,Berat,the-hunter-call-of-the-wild,false
The King of Fighters XIV,17.5 GB,Sedang,the-king-of-fighters-xiv,false
The King of Fighters XV,47.9 GB,Agak Berat,the-king-of-fighters-xv,false
The Last of Us Part 1,83.94 GB,Berat,the-last-of-us-part-1,false
The Last of Us Part II Remastered,121.4 GB,Berat,the-last-of-us-part-ii-remastered,false
The Last Stand Aftermath,4.37 GB,Sedang,the-last-stand-aftermath,false
The Legend of Korra,2.9 GB,Ringan,the-legend-of-korra,false
The Legend of Zelda Breath of the Wild,16.89 GB,Sedang,the-legend-of-zelda-breath-of-the-wild,false
The Legend of Zelda Links Awakening,6.34 GB,Ringan,the-legend-of-zelda-links-awakening,false
The Legend of Zelda Tears of the Kingdom,17.33 GB,Sedang,the-legend-of-zelda-tears-of-the-kingdom,false
The LEGO Movie,8.98 GB,Ringan,the-lego-movie,false
The LEGO NINJAGO Movie,18.05 GB,Sedang,the-lego-ninjago-movie,false
The Precinct,7.8 GB,Sedang,the-precinct,false
The Sims 2 Legacy,13.22 GB,Sedang,the-sims-2-legacy,false
The Sims 3,27.6 GB,Sedang,the-sims-3,false
The Sims 4,69.56 GB,Berat,the-sims-4,false
The Sims Legacy,3.63 GB,Ringan,the-sims-legacy,false
The Smurfs Dreams,5.18 GB,Sedang,the-smurfs-dreams,false
The Smurfs Mission Vileaf,5.00 GB,Sedang,the-smurfs-mission-vileaf,false
The Tenants,6.95 GB,Ringan,the-tenants,false
The Walking Dead Definitive,47.69 GB,Agak Berat,the-walking-dead-definitive,false
The Walking Dead Final Season,14.47 GB,Sedang,the-walking-dead-final-season,false
The Witcher 3 Wild Hunt,93.39 GB,Berat,the-witcher-3-wild-hunt,false
Thief,24.72 GB,Sedang,thief,false
Thief Simulator,21.20 GB,Sedang,thief-simulator,false
Thief Simulator 2,14.7 GB,Sedang,thief-simulator-2,false
This War of Mine,3.5 GB,Ringan,this-war-of-mine,false
Tintin Reporter,35.65 GB,Agak Berat,tintin-reporter,false
Tiny Glade,2.95 GB,Ringan,tiny-glade,false
Tomb Raider GOTY,13.18 GB,Sedang,tomb-raider-goty,false
Tomb Raider Underworld,7.68 GB,Ringan,tomb-raider-underworld,false
Tomodachi Life living The Dream,10 Gb,Berat,tomodachi-life-living-the-dream,true
Tony Hawk's Pro Skater 1+2,24.2 GB,Sedang,tony-hawks-pro-skater-12,false
Torchlight II,1.68 GB,Ringan,torchlight-ii,false
Torchlight III,6.06 GB,Ringan,torchlight-iii,false
TOTAL WAR PHARAOH,40 GB,Agak Berat,total-war-pharaoh,false
Total War Rome Remastered,55.33 GB,Agak Berat,total-war-rome-remastered,false
Total War SHOGUN 2,24.2 GB,Sedang,total-war-shogun-2,false
Total War WARHAMMER,34.90 GB,Agak Berat,total-war-warhammer,false
Total War Warhammer 2,62.53 GB,Berat,total-war-warhammer-2,false
Total War Warhammer III,88 Gb,Berat,total-war-warhammer-iii,true
Touken Ranbu Warriors,13.30 GB,Sedang,touken-ranbu-warriors,false
Toukiden 2,13.63 GB,Sedang,toukiden-2,false
Toy Story 3,3.83 GB,Ringan,toy-story-3,false
TRADER LIFE SIMULATOR 2,13.31 GB,Sedang,trader-life-simulator-2,false
TRAIN SIM WORLD,67.34 GB,Berat,train-sim-world,false
Train Sim World 4,30.4 GB,Agak Berat,train-sim-world-4,false
Train Sim World 6,74.2 GB,Berat,train-sim-world-6,false
Train Simulator 2017,16.76 GB,Sedang,train-simulator-2017,false
TRANSFORMERS Dark Spark,9.33 GB,Ringan,transformers-dark-spark,false
Transformers Devastion,15 GB,Sedang,transformers-devastion,false
Transformers Fall of Cybertron,8.37 GB,Ringan,transformers-fall-of-cybertron,false
Transformers Revenge of the Fallen,6.6 GB,Ringan,transformers-revenge-of-the-fallen,false
Transformers The Game,2.6 GB,Ringan,transformers-the-game,false
Transformers War For Cybertron,8.6 GB,Ringan,transformers-war-for-cybertron,false
Transport Fever 2,39.9 GB,Agak Berat,transport-fever-2,false
Trials of Mana,16.18 GB,Sedang,trials-of-mana,false
Triangle Strategy,6.3 GB,Sedang,triangle-strategy,false
Trine 4,17.12 GB,Berat,trine-4,false
Tropico 5,2.66 GB,Ringan,tropico-5,false
Tropico 6,24.09 GB,Sedang,tropico-6,false
Troublemaker,9.94 GB,Sedang,troublemaker,false
Tsubasa,1.3 GB,Sedang,tsubasa,false
TT Isle of Man Ride Edge 2,16.8 GB,Sedang,tt-isle-of-man-ride-edge-2,false
TT Isle Of Man Ride Edge 3,14.6 GB,Sedang,tt-isle-of-man-ride-edge-3,false
Twisted Metal Black,3.9 GB,Ringan,twisted-metal-black,false
Two Point Campus,2.48 GB,Ringan,two-point-campus,false
Two Point Hospital,8.66 GB,Ringan,two-point-hospital,false
Two Point Museum,6 Gb,Sedang,two-point-museum,true
UFC 2009,8.22 GB,Ringan,ufc-2009,false
UFC Undisputed 2010,43.16 GB,Agak Berat,ufc-undisputed-2010,false
Ultimate Fishing Simulator 2,21.6 GB,Sedang,ultimate-fishing-simulator-2,false
Ultimate Marvel vs Capcom 3,3.75 GB,Ringan,ultimate-marvel-vs-capcom-3,false
Ultra Street Fighter IV,11.5 GB,Sedang,ultra-street-fighter-iv,false
Uncharted 2 Among Thieves,23.67 GB,Sedang,uncharted-2-among-thieves,false
Uncharted 3 Drakes Deception,41.08 GB,Agak Berat,uncharted-3-drakes-deception,false
Uncharted Legacy of Thieves,104.11 GB,Berat,uncharted-legacy-of-thieves,false
Undisputed,18,Berat,undisputed,true
Unravel,3.3 GB,Ringan,unravel,false
Unravel Two,7.09 GB,Ringan,unravel-two,false
Until Dawn,62.32 GB,Berat,until-dawn,false
Until Then,3 GB,Sedang,until-then,false
Untitled Goose Game,918.95 MB,Ringan,untitled-goose-game,false
Upin and Ipin Universe,5.51 GB,Berat,upin-and-ipin-universe,false
Valiant Hearts The Great War,1.21 GB,Ringan,valiant-hearts-the-great-war,false
Valkyrie Elysium,19.6 GB,Sedang,valkyrie-elysium,false
Viking Battle for Asgard,5.6 GB,Ringan,viking-battle-for-asgard,false
War of the Monsters,4.2 GB,Ringan,war-of-the-monsters,false
Warcraft III,2.08 GB,Ringan,warcraft-iii,false
Warhammer 40000 Dawn of War II,6.58 GB,Ringan,warhammer-40000-dawn-of-war-ii,false
Warhammer 40000 Dawn of War III,30.0 GB,Sedang,warhammer-40000-dawn-of-war-iii,false
Warhammer 40000 Space Marine 2,71.76 GB,Berat,warhammer-40000-space-marine-2,false
Warhammer Age Of Sigmar Realms Of Ruin,15 Gb,Sedang,warhammer-age-of-sigmar-realms-of-ruin,true
WARRIORS OROCHI 3 Ultimate,21.4 GB,Sedang,warriors-orochi-3-ultimate,false
Warriors Orochi 4,17.59 GB,Sedang,warriors-orochi-4,false
Watch Dogs,26.58 GB,Sedang,watch-dogs,false
Watch Dogs 2,49.65 GB,Agak Berat,watch-dogs-2,false
Watch Dogs Legion,111.0 GB,Berat,watch-dogs-legion,false
Way Of The Hunter,23.91 GB,Sedang,way-of-the-hunter,false
Way of the Samurai 4,7.0 GB,Ringan,way-of-the-samurai-4,false
Winning Eleven 2011,2.57 GB,Ringan,winning-eleven-2011,false
WitchSpring R,6.11 GB,Sedang,witchspring-r,false
Wo Long Fallen Dynasty,56.64 GB,Agak Berat,wo-long-fallen-dynasty,false
Wobbly Life,1.78 GB,Sedang,wobbly-life,false
Wolfenstein II The New Colossus,62.18 GB,Berat,wolfenstein-ii-the-new-colossus,false
Wolfenstein The Old Blood,34.61 GB,Agak Berat,wolfenstein-the-old-blood,false
Wolfenstein Youngblood,41.1 GB,Agak Berat,wolfenstein-youngblood,false
WORLD OF FINAL FANTASY,12.4 GB,Sedang,world-of-final-fantasy,false
World War Z Aftermath,69.99 GB,Berat,world-war-z-aftermath,false
WRC 10,38.4 GB,Agak Berat,wrc-10,false
WRC 4,5.56 GB,Ringan,wrc-4,false
WRC 6,15.80 GB,Sedang,wrc-6,false
WRC 7,20.03 GB,Sedang,wrc-7,false
WRC 8,20.97 GB,Sedang,wrc-8,false
WRC 9,23.04 GB,Sedang,wrc-9,false
Wreckfest,33.68 GB,Agak Berat,wreckfest,false
Wreckfest 2,13.64 GB,Sedang,wreckfest-2,false
Wuchang Fallen Feathers,47.67 GB,Berat,wuchang-fallen-feathers,false
WWE 2026,135 Gb,Berat,wwe-2026,true
WWE 2K Battlegrounds,9.16 GB,Sedang,wwe-2k-battlegrounds,false
WWE 2K15,34.70 GB,Agak Berat,wwe-2k15,false
WWE 2K16,46.3 GB,Agak Berat,wwe-2k16,false
WWE 2K18,46.1 GB,Agak Berat,wwe-2k18,false
WWE 2K19,51.52 GB,Agak Berat,wwe-2k19,false
WWE 2K22,50.70 GB,Agak Berat,wwe-2k22,false
WWE 2K23,76.79 GB,Berat,wwe-2k23,false
WWE 2K24,99.1 GB,Berat,wwe-2k24,false
WWE 2K25,101.8 GB,Berat,wwe-2k25,false
WWE All Stars,4.71 GB,Ringan,wwe-all-stars,false
WWE Smackdown Raw 2010,4.0 GB,Ringan,wwe-smackdown-raw-2010,false
WWE SmackDown! Here Comes the Pain,4.56 GB,Ringan,wwe-smackdown-here-comes-the-pain,false
WWE SmackDown! Shut Your Mouth,3.6 GB,Ringan,wwe-smackdown-shut-your-mouth,false
Xenoblade Chronicles 3,14.69 GB,Sedang,xenoblade-chronicles-3,false
Yakuza 0,25.7 GB,Sedang,yakuza-0,false
Yakuza 3 Remastered,26.44 GB,Sedang,yakuza-3-remastered,false
Yakuza 4 Remastered,35.84 GB,Agak Berat,yakuza-4-remastered,false
Yakuza 5 Remastered,32.91 GB,Agak Berat,yakuza-5-remastered,false
Yakuza 6 The Song of Life,40.88 GB,Agak Berat,yakuza-6-the-song-of-life,false
Yakuza Kiwami,21.37 GB,Sedang,yakuza-kiwami,false
Yakuza Kiwami 2,43.02 GB,Agak Berat,yakuza-kiwami-2,false
Yakuza Kiwami 3 and Dark Ties,50 Gb,Berat,yakuza-kiwami-3-and-dark-ties,true
Yakuza Like a Dragon,59.11 GB,Agak Berat,yakuza-like-a-dragon,false
Yakuza Like a Dragon Infinite Wealth,50 Gb,Berat,yakuza-like-a-dragon-infinite-wealth,true
Yakuza Like A Dragon Pirate Yakuza In Hawaii,58 Gb,berat,yakuza-like-a-dragon-pirate-yakuza-in-hawaii,true
Yakuza Like A ragon Pirate Yakuza In Hawaii,55 Gb,Berat,yakuza-like-a-ragon-pirate-yakuza-in-hawaii,true
Yoshie,6.0 GB,Ringan,yoshie,false
Youtubers Life 2,2.56 GB,Ringan,youtubers-life-2,false
Ys IX Monstrum Nox,9.67 GB,Sedang,ys-ix-monstrum-nox,false
Ys VIII Lacrimosa of Dana,29.38 GB,Sedang,ys-viii-lacrimosa-of-dana,false
Yu Gi Oh Empire Total War,16.8 GB,Sedang,yu-gi-oh-empire-total-war,false
Yu Gi Oh RUSH DUEL,3.43 GB,Sedang,yu-gi-oh-rush-duel,false
Zombie Army 4,59.07 GB,Agak Berat,zombie-army-4,false
